pedido_id,dia,hub_origen,destino,ruta,paquetes_asignados,paquetes_pendientes
1-0000001,1,UBBB,UMMS,"SABE-OPKC@D01 | SLLP-LOWW@D01 | OERK-LDZA@D01 | SABE-OSDI@D01 | LBSF-OOMS@D01",129,0
1-0000002,1,UBBB,OAKB,"OPKC-LBSF@D01 | EBCI-LATI@D01 | OYSN-UMMS@D01 | OMDB-VIDP@D01 | OOMS-SKBO@D01",129,0
1-0000003,1,SPIM,VIDP,"LOWW-OAKB@D01 | SUAA-UBBB@D01 | SCEL-SVMI@D01 | EHAM-SEQM@D01 | LATI-VIDP@D01",130,0
1-0000004,1,UBBB,SKBO,"UBBB-OSDI@D01 | UMMS-LDZA@D01 | OSDI-OYSN@D01 | OYSN-OMDB@D01 | OSDI-SUAA@D01",130,0
1-0000005,1,EBCI,SEQM,"LATI-UMMS@D01 | UMMS-EBCI@D01 | UMMS-SVMI@D01 | UBBB-SABE@D01 | OAKB-OMDB@D01",107,23
1-0000005,1,EBCI,SEQM,"OMDB-SPIM@D01 | OSDI-UBBB@D01 | SUAA-SKBO@D01 | OERK-LKPR@D01 | LBSF-SEQM@D01",23,0
1-0000006,1,EBCI,EHAM,"SEQM-LOWW@D01 | SUAA-SGAS@D01 | EHAM-OYSN@D01 | OAKB-OMDB@D01 | LDZA-EKCH@D01",130,0
1-0000007,1,UBBB,LBSF,"EDDI-SGAS@D01 | SCEL-OYSN@D01 | SLLP-EKCH@D01 | SABE-UBBB@D01 | EBCI-SEQM@D01",130,0
2-0000008,2,UBBB,UMMS,"OOMS-OMDB@D02 | OMDB-SABE@D02 | LATI-EKCH@D02 | UBBB-SKBO@D02 | OMDB-SEQM@D02",131,0
2-0000009,2,SPIM,LBSF,"SBBR-OSDI@D02 | LKPR-EBCI@D02 | LOWW-OMDB@D02 | OYSN-OOMS@D02 | UMMS-LOWW@D02",131,0
2-0000010,2,SPIM,SVMI,"LOWW-SBBR@D02 | SVMI-LDZA@D02 | LOWW-SUAA@D02 | OYSN-SUAA@D02 | OYSN-OERK@D02",132,0
2-0000011,2,UBBB,VIDP,"SLLP-SBBR@D02 | SABE-LATI@D02 | LOWW-VIDP@D02 | SUAA-OSDI@D02 | OOMS-OYSN@D02",103,29
2-0000011,2,UBBB,VIDP,"OMDB-SGAS@D02 | SPIM-SKBO@D02 | OMDB-SABE@D02 | EBCI-VIDP@D02 | SBBR-EKCH@D02",29,0
2-0000012,2,UBBB,OERK,"EHAM-OAKB@D02 | OMDB-OERK@D02 | SPIM-LOWW@D02 | EHAM-OYSN@D02 | OSDI-VIDP@D02",107,25
2-0000012,2,UBBB,OERK,"OMDB-LBSF@D02 | SVMI-OMDB@D02 | OERK-UBBB@D02 | LATI-SEQM@D02 | UBBB-SVMI@D02",25,0
2-0000013,2,UBBB,OSDI,"SPIM-UBBB@D02 | VIDP-SBBR@D02 | OAKB-SGAS@D02 | LOWW-EKCH@D02 | SABE-OPKC@D02",132,0
3-0000014,3,SPIM,EKCH,"OSDI-SLLP@D03 | EKCH-OPKC@D03 | SGAS-EKCH@D03 | LDZA-SGAS@D03 | OSDI-OYSN@D03",134,0
3-0000015,3,EBCI,EKCH,"SPIM-OERK@D03 | SABE-SCEL@D03 | OOMS-SLLP@D03 | OSDI-EHAM@D03 | OSDI-OOMS@D03",134,0
3-0000016,3,SPIM,OAKB,"EKCH-OAKB@D03 | LATI-OJAI@D03 | EDDI-SGAS@D03 | VIDP-SBBR@D03 | SUAA-SABE@D03",134,0
3-0000017,3,UBBB,LATI,"EHAM-OMDB@D03 | SCEL-SLLP@D03 | UMMS-OJAI@D03 | OYSN-OAKB@D03 | EKCH-UBBB@D03",134,0
3-0000018,3,EBCI,LKPR,"SCEL-EHAM@D03 | SPIM-UBBB@D03 | UMMS-OOMS@D03 | SCEL-OMDB@D03 | VIDP-SGAS@D03",135,0
3-0000019,3,UBBB,OPKC,"OOMS-LDZA@D03 | SBBR-LDZA@D03 | VIDP-LBSF@D03 | SKBO-SVMI@D03 | VIDP-SKBO@D03",135,0
4-0000020,4,SPIM,OAKB,"VIDP-SGAS@D04 | OYSN-SBBR@D04 | SKBO-OSDI@D04 | SPIM-OOMS@D04 | SCEL-OJAI@D04",54,82
4-0000020,4,SPIM,OAKB,"SUAA-UMMS@D04 | SGAS-SBBR@D04 | LOWW-OJAI@D04 | OERK-SPIM@D04 | UBBB-VIDP@D04",82,0
4-0000021,4,UBBB,SEQM,"OJAI-EKCH@D04 | SBBR-OPKC@D04 | SGAS-UMMS@D04 | SKBO-OERK@D04 | SCEL-EHAM@D04",117,19
4-0000021,4,UBBB,SEQM,"SCEL-SKBO@D04 | OJAI-OERK@D04 | SCEL-EDDI@D04 | SGAS-UMMS@D04 | SBBR-OPKC@D04",19,0
4-0000022,4,EBCI,SGAS,"SUAA-OSDI@D04 | SCEL-SPIM@D04 | LBSF-OOMS@D04 | VIDP-LBSF@D04 | SLLP-OJAI@D04",137,0
4-0000023,4,EBCI,OSDI,"SPIM-OPKC@D04 | EDDI-SEQM@D04 | SPIM-SABE@D04 | EKCH-OOMS@D04 | SUAA-EHAM@D04",137,0
4-0000024,4,UBBB,EDDI,"EKCH-EDDI@D04 | OPKC-SKBO@D04 | LOWW-LKPR@D04 | SUAA-EBCI@D04 | VIDP-UMMS@D04",132,5
4-0000024,4,UBBB,EDDI,"EHAM-SABE@D04 | SKBO-OOMS@D04 | EDDI-EBCI@D04 | LDZA-OERK@D04 | EDDI-SKBO@D04",5,0
4-0000025,4,UBBB,SEQM,"OERK-SPIM@D04 | OSDI-SUAA@D04 | EKCH-OJAI@D04 | LBSF-EHAM@D04 | SUAA-OYSN@D04",137,0
5-0000026,5,SPIM,LBSF,"SPIM-EDDI@D05 | LBSF-OSDI@D05 | OOMS-EKCH@D05 | LBSF-LKPR@D05 | OJAI-SLLP@D05",139,0
5-0000027,5,UBBB,EHAM,"SKBO-LDZA@D05 | OYSN-SBBR@D05 | OYSN-UMMS@D05 | SABE-SPIM@D05 | OPKC-EHAM@D05",35,104
5-0000027,5,UBBB,EHAM,"OAKB-LBSF@D05 | OERK-EDDI@D05 | EDDI-SABE@D05 | EHAM-SABE@D05 | SPIM-EBCI@D05",104,0
5-0000028,5,UBBB,VIDP,"UMMS-EBCI@D05 | UBBB-OMDB@D05 | LBSF-OAKB@D05 | UBBB-LATI@D05 | OMDB-SABE@D05",125,14
5-0000028,5,UBBB,VIDP,"SVMI-OAKB@D05 | LATI-SLLP@D05 | SABE-OAKB@D05 | EKCH-SLLP@D05 | SLLP-VIDP@D05",14,0
5-0000029,5,SPIM,OPKC,"UMMS-SUAA@D05 | OOMS-SLLP@D05 | SBBR-OOMS@D05 | OOMS-EHAM@D05 | LATI-SBBR@D05",29,111
5-0000029,5,SPIM,OPKC,"LBSF-OSDI@D05 | SPIM-SEQM@D05 | OPKC-OJAI@D05 | OAKB-SCEL@D05 | OSDI-OYSN@D05",50,61
5-0000029,5,SPIM,OPKC,"LKPR-OMDB@D05 | EHAM-OOMS@D05 | SBBR-SGAS@D05 | EBCI-OERK@D05 | SPIM-VIDP@D05",61,0
5-0000030,5,UBBB,SBBR,"EDDI-OJAI@D05 | OAKB-OYSN@D05 | SPIM-SVMI@D05 | SPIM-SVMI@D05 | OMDB-EKCH@D05",140,0
6-0000031,6,EBCI,SLLP,"LATI-SPIM@D06 | OOMS-EHAM@D06 | SPIM-OOMS@D06 | OSDI-SGAS@D06 | SKBO-SCEL@D06",54,87
6-0000031,6,EBCI,SLLP,"OERK-LDZA@D06 | OMDB-LKPR@D06 | UBBB-SUAA@D06 | SCEL-SEQM@D06 | SKBO-OAKB@D06",87,0
6-0000032,6,SPIM,SCEL,"OJAI-SKBO@D06 | OYSN-OMDB@D06 | VIDP-LATI@D06 | OOMS-LOWW@D06 | SUAA-EDDI@D06",141,0
6-0000033,6,EBCI,SABE,"SBBR-OSDI@D06 | OMDB-OERK@D06 | SEQM-LOWW@D06 | LOWW-OOMS@D06 | EBCI-SEQM@D06",142,0
6-0000034,6,SPIM,SGAS,"LBSF-SLLP@D06 | SGAS-SEQM@D06 | SEQM-SUAA@D06 | OAKB-EBCI@D06 | EKCH-SKBO@D06",121,21
6-0000034,6,SPIM,SGAS,"LBSF-UBBB@D06 | OSDI-SPIM@D06 | SGAS-OSDI@D06 | SCEL-LATI@D06 | OSDI-SBBR@D06",15,6
6-0000034,6,SPIM,SGAS,"SPIM-VIDP@D06 | OJAI-OPKC@D06 | SABE-OJAI@D06 | SABE-UBBB@D06 | SABE-LOWW@D06",6,0
6-0000035,6,EBCI,SUAA,"OJAI-SPIM@D06 | SCEL-SLLP@D06 | VIDP-SGAS@D06 | LATI-SEQM@D06 | LATI-SABE@D06",142,0
7-0000036,7,SPIM,LATI,"LOWW-SVMI@D07 | EKCH-EDDI@D07 | OAKB-LKPR@D07 | EBCI-SLLP@D07 | UMMS-LBSF@D07",106,37
7-0000036,7,SPIM,LATI,"OSDI-OJAI@D07 | OMDB-OPKC@D07 | EHAM-LBSF@D07 | SUAA-SGAS@D07 | OAKB-SGAS@D07",37,0
7-0000037,7,UBBB,EDDI,"EBCI-SGAS@D07 | OAKB-OPKC@D07 | OYSN-UMMS@D07 | EKCH-OJAI@D07 | SUAA-SVMI@D07",131,12
7-0000037,7,UBBB,EDDI,"SVMI-OMDB@D07 | LATI-EBCI@D07 | UBBB-SPIM@D07 | LOWW-OSDI@D07 | SKBO-OJAI@D07",12,0
7-0000038,7,UBBB,LOWW,"EBCI-SLLP@D07 | SKBO-OMDB@D07 | SBBR-EBCI@D07 | LOWW-VIDP@D07 | SPIM-LOWW@D07",107,37
7-0000038,7,UBBB,LOWW,"SABE-LKPR@D07 | SLLP-SEQM@D07 | SCEL-UBBB@D07 | OYSN-UMMS@D07 | OSDI-EKCH@D07",37,0
7-0000039,7,UBBB,LKPR,"OERK-SUAA@D07 | OSDI-SLLP@D07 | SLLP-OOMS@D07 | OSDI-SLLP@D07 | OERK-EHAM@D07",144,0
7-0000040,7,UBBB,LDZA,"SLLP-SABE@D07 | SGAS-EDDI@D07 | EHAM-SLLP@D07 | EDDI-SGAS@D07 | SBBR-OAKB@D07",144,0
8-0000041,8,EBCI,EKCH,"SPIM-LOWW@D08 | LKPR-OERK@D08 | UMMS-OERK@D08 | LOWW-SABE@D08 | UMMS-SKBO@D08",107,39
8-0000041,8,EBCI,EKCH,"OAKB-UBBB@D08 | LDZA-EHAM@D08 | UMMS-SVMI@D08 | SGAS-SBBR@D08 | OPKC-SUAA@D08",39,0
8-0000042,8,SPIM,EHAM,"UMMS-LBSF@D08 | SBBR-SUAA@D08 | SCEL-EDDI@D08 | SCEL-EBCI@D08 | LATI-VIDP@D08",53,93
8-0000042,8,SPIM,EHAM,"LBSF-VIDP@D08 | UBBB-LDZA@D08 | LATI-OJAI@D08 | UBBB-LDZA@D08 | OERK-EKCH@D08",93,0
8-0000043,8,EBCI,VIDP,"SKBO-LKPR@D08 | SBBR-OPKC@D08 | OAKB-LKPR@D08 | OAKB-LKPR@D08 | UMMS-OSDI@D08",146,0
8-0000044,8,SPIM,OSDI,"EHAM-LATI@D08 | EDDI-OERK@D08 | LDZA-EDDI@D08 | SPIM-OPKC@D08 | SPIM-SLLP@D08",139,8
8-0000044,8,SPIM,OSDI,"VIDP-LATI@D08 | OYSN-OSDI@D08 | SPIM-SVMI@D08 | LKPR-SLLP@D08 | OERK-OAKB@D08",8,0
8-0000045,8,EBCI,OERK,"LBSF-LDZA@D08 | SKBO-OMDB@D08 | EHAM-SLLP@D08 | LOWW-LATI@D08 | VIDP-SABE@D08",111,36
8-0000045,8,EBCI,OERK,"SABE-LOWW@D08 | VIDP-SPIM@D08 | SKBO-SEQM@D08 | SCEL-LOWW@D08 | SEQM-SUAA@D08",36,0
9-0000046,9,EBCI,OOMS,"SKBO-OYSN@D09 | LDZA-SLLP@D09 | LKPR-SGAS@D09 | SUAA-LOWW@D09 | OYSN-SGAS@D09",40,108
9-0000046,9,EBCI,OOMS,"OAKB-SBBR@D09 | EKCH-OPKC@D09 | UBBB-OYSN@D09 | OMDB-SBBR@D09 | SPIM-SVMI@D09",108,0
9-0000047,9,UBBB,OYSN,"EKCH-SCEL@D09 | UMMS-LKPR@D09 | SGAS-SBBR@D09 | SVMI-EBCI@D09 | OSDI-OAKB@D09",148,0
9-0000048,9,SPIM,OMDB,"LKPR-SABE@D09 | OOMS-SUAA@D09 | EDDI-SLLP@D09 | OPKC-SBBR@D09 | SUAA-SLLP@D09",149,0
9-0000049,9,UBBB,OJAI,"OPKC-UBBB@D09 | EKCH-OSDI@D09 | SGAS-EKCH@D09 | SKBO-SCEL@D09 | UMMS-OJAI@D09",149,0
9-0000050,9,SPIM,UMMS,"SBBR-VIDP@D09 | OOMS-SABE@D09 | LOWW-SVMI@D09 | LATI-SLLP@D09 | SGAS-VIDP@D09",106,43
9-0000050,9,SPIM,UMMS,"LDZA-SUAA@D09 | OJAI-OYSN@D09 | EKCH-LBSF@D09 | UMMS-EDDI@D09 | SPIM-OPKC@D09",43,0
10-0000051,10,SPIM,LATI,"SCEL-EDDI@D10 | EBCI-VIDP@D10 | OMDB-LBSF@D10 | SUAA-SGAS@D10 | EHAM-OERK@D10",150,0
10-0000052,10,EBCI,EDDI,"LKPR-OOMS@D10 | LKPR-EKCH@D10 | EHAM-EBCI@D10 | OSDI-SPIM@D10 | OJAI-SPIM@D10",150,0
10-0000053,10,EBCI,LOWW,"EHAM-SABE@D10 | UMMS-OYSN@D10 | LATI-LOWW@D10 | UMMS-LBSF@D10 | EBCI-OERK@D10",151,0
10-0000054,10,SPIM,LKPR,"UBBB-VIDP@D10 | SBBR-OSDI@D10 | SUAA-LATI@D10 | SGAS-OMDB@D10 | SLLP-OERK@D10",151,0
10-0000055,10,EBCI,LDZA,"OAKB-OERK@D10 | OOMS-UMMS@D10 | LOWW-SVMI@D10 | OMDB-SCEL@D10 | OJAI-OOMS@D10",106,45
10-0000055,10,EBCI,LDZA,"SGAS-OYSN@D10 | LKPR-SGAS@D10 | OMDB-OJAI@D10 | LDZA-SGAS@D10 | LOWW-VIDP@D10",45,0
11-0000056,11,EBCI,EKCH,"SKBO-LDZA@D11 | EDDI-SBBR@D11 | OSDI-SLLP@D11 | OMDB-SGAS@D11 | LATI-OSDI@D11",152,0
11-0000057,11,EBCI,EHAM,"SBBR-SPIM@D11 | OPKC-OJAI@D11 | OAKB-VIDP@D11 | SUAA-UBBB@D11 | SABE-LKPR@D11",152,0
11-0000058,11,EBCI,VIDP,"OERK-SCEL@D11 | OYSN-SCEL@D11 | OAKB-UBBB@D11 | SKBO-UBBB@D11 | SPIM-OPKC@D11",153,0
11-0000059,11,UBBB,OSDI,"SGAS-LDZA@D11 | EHAM-SLLP@D11 | SEQM-EDDI@D11 | EKCH-LDZA@D11 | OPKC-SABE@D11",153,0
11-0000060,11,UBBB,OERK,"LATI-EKCH@D11 | SPIM-EDDI@D11 | LDZA-SPIM@D11 | SABE-OJAI@D11 | LOWW-EDDI@D11",154,0
12-0000061,12,UBBB,OOMS,"LBSF-SGAS@D12 | OOMS-EHAM@D12 | SVMI-SGAS@D12 | OSDI-SCEL@D12 | VIDP-SKBO@D12",154,0
12-0000062,12,SPIM,OYSN,"EDDI-OOMS@D12 | LOWW-OERK@D12 | UMMS-LKPR@D12 | SEQM-LBSF@D12 | SCEL-SPIM@D12",155,0
12-0000063,12,UBBB,OMDB,"SKBO-EBCI@D12 | VIDP-SBBR@D12 | LATI-SLLP@D12 | LBSF-SVMI@D12 | EDDI-OMDB@D12",46,109
12-0000063,12,UBBB,OMDB,"SGAS-SABE@D12 | SPIM-SLLP@D12 | SGAS-OSDI@D12 | LDZA-SGAS@D12 | OPKC-OJAI@D12",109,0
12-0000064,12,UBBB,OJAI,"SUAA-EBCI@D12 | SLLP-LDZA@D12 | SBBR-SLLP@D12 | OERK-SGAS@D12 | LOWW-SABE@D12",156,0
12-0000065,12,EBCI,UMMS,"SUAA-LDZA@D12 | SPIM-SVMI@D12 | LATI-LOWW@D12 | OAKB-SKBO@D12 | OPKC-EKCH@D12",103,53
12-0000065,12,EBCI,UMMS,"SUAA-LATI@D12 | EHAM-VIDP@D12 | LBSF-LATI@D12 | UMMS-LBSF@D12 | SVMI-SPIM@D12",53,0
13-0000066,13,EBCI,SVMI,"OAKB-EKCH@D13 | SABE-SCEL@D13 | LOWW-OOMS@D13 | SLLP-OSDI@D13 | LOWW-EKCH@D13",157,0
13-0000067,13,UBBB,SKBO,"OOMS-EHAM@D13 | LDZA-OMDB@D13 | UBBB-LDZA@D13 | SLLP-LKPR@D13 | OPKC-LBSF@D13",157,0
13-0000068,13,UBBB,SEQM,"EKCH-SBBR@D13 | LBSF-OJAI@D13 | EKCH-SLLP@D13 | OYSN-UMMS@D13 | LKPR-SGAS@D13",158,0
13-0000069,13,UBBB,SBBR,"SPIM-SLLP@D13 | LATI-SCEL@D13 | SKBO-EDDI@D13 | OPKC-SPIM@D13 | LOWW-UBBB@D13",158,0
13-0000070,13,UBBB,SLLP,"SPIM-VIDP@D13 | OMDB-SEQM@D13 | EKCH-LBSF@D13 | OSDI-EDDI@D13 | OERK-SPIM@D13",159,0
14-0000071,14,EBCI,SCEL,"SPIM-SABE@D14 | SVMI-SCEL@D14 | EDDI-OJAI@D14 | SVMI-LDZA@D14 | EHAM-SCEL@D14",156,3
14-0000071,14,EBCI,SCEL,"SCEL-EHAM@D14 | SPIM-SUAA@D14 | SPIM-OPKC@D14 | OMDB-LATI@D14 | SUAA-UBBB@D14",3,0
14-0000072,14,EBCI,SABE,"SEQM-LKPR@D14 | SABE-LDZA@D14 | LDZA-VIDP@D14 | OMDB-OJAI@D14 | EDDI-UMMS@D14",160,0
14-0000073,14,EBCI,SGAS,"OJAI-SLLP@D14 | UMMS-LDZA@D14 | SPIM-SEQM@D14 | LOWW-OYSN@D14 | EHAM-SLLP@D14",50,110
14-0000073,14,EBCI,SGAS,"EDDI-SEQM@D14 | EDDI-EKCH@D14 | OSDI-SLLP@D14 | OSDI-SLLP@D14 | OOMS-LOWW@D14",110,0
14-0000074,14,SPIM,SUAA,"SKBO-SEQM@D14 | LOWW-SGAS@D14 | UBBB-OJAI@D14 | UMMS-LBSF@D14 | SGAS-OSDI@D14",161,0
14-0000075,14,SPIM,LATI,"LDZA-SBBR@D14 | SABE-SCEL@D14 | UMMS-OMDB@D14 | OJAI-OERK@D14 | LKPR-SVMI@D14",161,0
15-0000076,15,SPIM,EDDI,"OYSN-SBBR@D15 | SEQM-SBBR@D15 | UBBB-SVMI@D15 | SPIM-OPKC@D15 | LDZA-OPKC@D15",162,0
15-0000077,15,UBBB,LOWW,"SCEL-LOWW@D15 | LKPR-UBBB@D15 | LATI-SLLP@D15 | UBBB-SEQM@D15 | SPIM-LKPR@D15",162,0
15-0000078,15,EBCI,LKPR,"SUAA-LBSF@D15 | OSDI-SKBO@D15 | SKBO-SVMI@D15 | LBSF-OOMS@D15 | EHAM-SLLP@D15",163,0
15-0000079,15,SPIM,LDZA,"OSDI-EHAM@D15 | OERK-SPIM@D15 | OOMS-LATI@D15 | LDZA-SPIM@D15 | SVMI-EKCH@D15",163,0
15-0000080,15,UBBB,EKCH,"OMDB-SLLP@D15 | LATI-SCEL@D15 | SVMI-LATI@D15 | OERK-UMMS@D15 | SLLP-OAKB@D15",164,0
16-0000081,16,SPIM,EHAM,"EBCI-SCEL@D16 | OYSN-UMMS@D16 | SPIM-LBSF@D16 | SUAA-SLLP@D16 | EKCH-OSDI@D16",164,0
16-0000082,16,EBCI,VIDP,"OSDI-LATI@D16 | OSDI-OYSN@D16 | OPKC-SKBO@D16 | SGAS-SCEL@D16 | VIDP-SGAS@D16",130,35
16-0000082,16,EBCI,VIDP,"SUAA-SGAS@D16 | EBCI-VIDP@D16 | OERK-LDZA@D16 | SUAA-VIDP@D16 | SABE-EHAM@D16",35,0
16-0000083,16,EBCI,OSDI,"EDDI-EKCH@D16 | SCEL-UBBB@D16 | OAKB-EKCH@D16 | SBBR-OPKC@D16 | LBSF-EKCH@D16",165,0
16-0000084,16,EBCI,OERK,"OOMS-LDZA@D16 | SVMI-SEQM@D16 | EBCI-LBSF@D16 | LKPR-SGAS@D16 | SVMI-OMDB@D16",33,133
16-0000084,16,EBCI,OERK,"SBBR-EBCI@D16 | OAKB-OPKC@D16 | OYSN-UMMS@D16 | SEQM-EHAM@D16 | OAKB-EBCI@D16",131,2
16-0000084,16,EBCI,OERK,"OAKB-SUAA@D16 | VIDP-SPIM@D16 | EBCI-SEQM@D16 | SPIM-OOMS@D16 | OOMS-SKBO@D16",2,0
16-0000085,16,UBBB,OOMS,"OERK-SVMI@D16 | EHAM-LATI@D16 | SLLP-OOMS@D16 | OJAI-OOMS@D16 | OPKC-SKBO@D16",166,0
17-0000086,17,SPIM,OYSN,"EDDI-SLLP@D17 | OERK-SPIM@D17 | LBSF-OERK@D17 | LBSF-OOMS@D17 | EKCH-OOMS@D17",167,0
17-0000087,17,EBCI,OMDB,"LBSF-OOMS@D17 | SBBR-OPKC@D17 | OAKB-OOMS@D17 | LOWW-SBBR@D17 | OYSN-OJAI@D17",167,0
17-0000088,17,SPIM,OJAI,"OERK-SABE@D17 | SGAS-LBSF@D17 | OMDB-UBBB@D17 | OOMS-EHAM@D17 | LOWW-SVMI@D17",106,62
17-0000088,17,SPIM,OJAI,"SBBR-VIDP@D17 | LATI-EDDI@D17 | EHAM-VIDP@D17 | LOWW-OAKB@D17 | EDDI-OOMS@D17",62,0
17-0000089,17,UBBB,UMMS,"SKBO-LBSF@D17 | SPIM-OMDB@D17 | SUAA-VIDP@D17 | SGAS-OERK@D17 | SLLP-UMMS@D17",28,140
17-0000089,17,UBBB,UMMS,"OMDB-SKBO@D17 | SBBR-EKCH@D17 | OAKB-LKPR@D17 | SPIM-LOWW@D17 | SEQM-SABE@D17",107,33
17-0000089,17,UBBB,UMMS,"SVMI-LKPR@D17 | SABE-SGAS@D17 | SLLP-UMMS@D17 | OERK-SGAS@D17 | LOWW-OMDB@D17",28,5
17-0000089,17,UBBB,UMMS,"LOWW-LKPR@D17 | SVMI-LATI@D17 | LKPR-OMDB@D17 | SVMI-SPIM@D17 | OAKB-EBCI@D17",5,0
17-0000090,17,SPIM,SVMI,"SPIM-LKPR@D17 | LOWW-SUAA@D17 | OYSN-OSDI@D17 | SVMI-OMDB@D17 | SBBR-EHAM@D17",169,0
18-0000091,18,SPIM,SKBO,"OSDI-OPKC@D18 | SKBO-UMMS@D18 | SLLP-LATI@D18 | LATI-OSDI@D18 | OSDI-SCEL@D18",169,0
18-0000092,18,SPIM,SEQM,"UMMS-OJAI@D18 | SUAA-OSDI@D18 | SEQM-SABE@D18 | SABE-OAKB@D18 | OSDI-SPIM@D18",170,0
18-0000093,18,EBCI,SBBR,"LATI-SLLP@D18 | LDZA-OPKC@D18 | SEQM-LBSF@D18 | SCEL-LDZA@D18 | OYSN-OMDB@D18",170,0
18-0000094,18,SPIM,SLLP,"SEQM-EBCI@D18 | SVMI-LATI@D18 | SUAA-OYSN@D18 | EDDI-OERK@D18 | OERK-OYSN@D18",171,0
18-0000095,18,UBBB,SCEL,"SVMI-OOMS@D18 | UBBB-SKBO@D18 | OSDI-SKBO@D18 | OOMS-EHAM@D18 | SEQM-OOMS@D18",33,138
18-0000095,18,UBBB,SCEL,"SPIM-OYSN@D18 | SVMI-SEQM@D18 | LDZA-SUAA@D18 | SUAA-EKCH@D18 | OERK-LDZA@D18",138,0
19-0000096,19,SPIM,SABE,"VIDP-SABE@D19 | EKCH-OPKC@D19 | SEQM-SLLP@D19 | OAKB-SGAS@D19 | LBSF-SUAA@D19",172,0
19-0000097,19,UBBB,SGAS,"SGAS-SCEL@D19 | SGAS-LATI@D19 | SLLP-EHAM@D19 | OJAI-LDZA@D19 | UMMS-OMDB@D19",172,0
19-0000098,19,UBBB,SUAA,"OYSN-OERK@D19 | SEQM-LATI@D19 | SEQM-SLLP@D19 | SLLP-OPKC@D19 | OMDB-LOWW@D19",56,117
19-0000098,19,UBBB,SUAA,"OSDI-SGAS@D19 | EDDI-OMDB@D19 | VIDP-SBBR@D19 | OPKC-SKBO@D19 | OYSN-UMMS@D19",117,0
19-0000099,19,UBBB,LATI,"OYSN-SCEL@D19 | LATI-SKBO@D19 | OYSN-OERK@D19 | OAKB-SLLP@D19 | SABE-VIDP@D19",50,123
19-0000099,19,UBBB,LATI,"EDDI-SBBR@D19 | UMMS-SABE@D19 | SUAA-SKBO@D19 | OSDI-SCEL@D19 | LBSF-LATI@D19",123,0
19-0000100,19,EBCI,EDDI,"VIDP-SABE@D19 | SABE-LDZA@D19 | LOWW-OAKB@D19 | UBBB-LDZA@D19 | SPIM-OJAI@D19",174,0
20-0000101,20,EBCI,LOWW,"SUAA-SGAS@D20 | LDZA-LOWW@D20 | LBSF-VIDP@D20 | LOWW-SUAA@D20 | EDDI-SPIM@D20",174,0
20-0000102,20,UBBB,LKPR,"OJAI-SLLP@D20 | OJAI-SBBR@D20 | SCEL-OERK@D20 | OSDI-LATI@D20 | EHAM-SABE@D20",130,45
20-0000102,20,UBBB,LKPR,"EHAM-SABE@D20 | LBSF-OSDI@D20 | OJAI-SKBO@D20 | SLLP-SVMI@D20 | OYSN-OPKC@D20",45,0
20-0000103,20,SPIM,LDZA,"SKBO-LBSF@D20 | OYSN-LKPR@D20 | VIDP-OAKB@D20 | SCEL-OYSN@D20 | LOWW-OOMS@D20",175,0
20-0000104,20,EBCI,EKCH,"OERK-SBBR@D20 | VIDP-SVMI@D20 | UBBB-SLLP@D20 | LBSF-SPIM@D20 | SLLP-LATI@D20",176,0
20-0000105,20,EBCI,EHAM,"OPKC-SLLP@D20 | UMMS-SVMI@D20 | SBBR-UBBB@D20 | EHAM-SCEL@D20 | UBBB-OYSN@D20",140,36
20-0000105,20,EBCI,EHAM,"OMDB-SBBR@D20 | SGAS-SUAA@D20 | SLLP-LATI@D20 | SVMI-LOWW@D20 | EDDI-OERK@D20",36,0
21-0000106,21,SPIM,VIDP,"OERK-OJAI@D21 | UMMS-LDZA@D21 | LKPR-SABE@D21 | OPKC-LBSF@D21 | UMMS-SCEL@D21",177,0
21-0000107,21,SPIM,OSDI,"SPIM-LOWW@D21 | OAKB-UMMS@D21 | OPKC-LOWW@D21 | UMMS-SCEL@D21 | SCEL-LATI@D21",56,121
21-0000107,21,SPIM,OSDI,"EKCH-SLLP@D21 | EDDI-SVMI@D21 | OERK-EHAM@D21 | OERK-SGAS@D21 | OJAI-UBBB@D21",121,0
21-0000108,21,UBBB,OERK,"SEQM-LBSF@D21 | VIDP-UMMS@D21 | OYSN-SVMI@D21 | EKCH-LOWW@D21 | EHAM-EDDI@D21",132,46
21-0000108,21,UBBB,OERK,"SGAS-LKPR@D21 | OPKC-UBBB@D21 | SLLP-OYSN@D21 | OJAI-EHAM@D21 | EHAM-SABE@D21",46,0
21-0000109,21,UBBB,OOMS,"SABE-LBSF@D21 | EHAM-SCEL@D21 | SUAA-SLLP@D21 | OAKB-UBBB@D21 | OMDB-OSDI@D21",178,0
21-0000110,21,EBCI,OYSN,"LBSF-OOMS@D21 | LBSF-LKPR@D21 | OOMS-SLLP@D21 | VIDP-EBCI@D21 | SEQM-SKBO@D21",179,0
22-0000111,22,EBCI,OMDB,"SEQM-LATI@D22 | OMDB-SEQM@D22 | OPKC-VIDP@D22 | UBBB-OMDB@D22 | OSDI-SPIM@D22",125,54
22-0000111,22,EBCI,OMDB,"SBBR-EHAM@D22 | SVMI-SEQM@D22 | OAKB-LBSF@D22 | SABE-LOWW@D22 | SLLP-EKCH@D22",54,0
22-0000112,22,EBCI,OJAI,"OMDB-SBBR@D22 | EDDI-OERK@D22 | SVMI-OAKB@D22 | LOWW-SCEL@D22 | LDZA-SLLP@D22",180,0
22-0000113,22,EBCI,UMMS,"LBSF-OAKB@D22 | UBBB-OYSN@D22 | UBBB-OJAI@D22 | SABE-UBBB@D22 | EBCI-SLLP@D22",140,40
22-0000113,22,EBCI,UMMS,"EDDI-UMMS@D22 | EHAM-SLLP@D22 | OMDB-SLLP@D22 | EBCI-LBSF@D22 | LKPR-SGAS@D22",33,7
22-0000113,22,EBCI,UMMS,"OERK-LATI@D22 | OOMS-UMMS@D22 | SABE-OJAI@D22 | OYSN-OMDB@D22 | UBBB-SPIM@D22",7,0
22-0000114,22,SPIM,SVMI,"SVMI-OMDB@D22 | SBBR-SLLP@D22 | LBSF-OJAI@D22 | SBBR-SPIM@D22 | OERK-LKPR@D22",148,33
22-0000114,22,SPIM,SVMI,"SBBR-OOMS@D22 | SCEL-LBSF@D22 | LKPR-LATI@D22 | OYSN-SCEL@D22 | OERK-SGAS@D22",33,0
22-0000115,22,UBBB,SKBO,"SUAA-EBCI@D22 | SLLP-LATI@D22 | OPKC-LATI@D22 | EBCI-OYSN@D22 | OSDI-SLLP@D22",181,0
23-0000116,23,SPIM,SEQM,"SLLP-OJAI@D23 | OMDB-OSDI@D23 | OERK-OSDI@D23 | SPIM-EKCH@D23 | SLLP-LATI@D23",182,0
23-0000117,23,SPIM,SBBR,"OERK-OOMS@D23 | OJAI-SGAS@D23 | OSDI-OAKB@D23 | SEQM-LATI@D23 | SPIM-EDDI@D23",182,0
23-0000118,23,UBBB,SLLP,"LKPR-OOMS@D23 | SVMI-SBBR@D23 | LOWW-OOMS@D23 | SUAA-OSDI@D23 | OPKC-UBBB@D23",183,0
23-0000119,23,UBBB,SCEL,"SPIM-EBCI@D23 | OOMS-VIDP@D23 | SABE-SEQM@D23 | EBCI-SEQM@D23 | VIDP-LBSF@D23",139,44
23-0000119,23,UBBB,SCEL,"EHAM-SPIM@D23 | LATI-OJAI@D23 | SBBR-LATI@D23 | UMMS-VIDP@D23 | OERK-LKPR@D23",44,0
23-0000120,23,UBBB,SABE,"LATI-OJAI@D23 | VIDP-SEQM@D23 | SCEL-EBCI@D23 | EDDI-VIDP@D23 | EDDI-UMMS@D23",184,0
24-0000121,24,UBBB,SGAS,"UMMS-LKPR@D24 | LDZA-OAKB@D24 | SPIM-SBBR@D24 | OPKC-LBSF@D24 | OSDI-SUAA@D24",184,0
24-0000122,24,UBBB,SUAA,"SBBR-OAKB@D24 | OPKC-SBBR@D24 | SUAA-SEQM@D24 | SPIM-EHAM@D24 | OJAI-EHAM@D24",185,0
24-0000123,24,UBBB,LATI,"LOWW-SEQM@D24 | SCEL-EBCI@D24 | OYSN-OERK@D24 | OJAI-EKCH@D24 | SBBR-VIDP@D24",117,68
24-0000123,24,UBBB,LATI,"LOWW-OPKC@D24 | SBBR-OPKC@D24 | LOWW-SCEL@D24 | OYSN-OPKC@D24 | SCEL-LKPR@D24",68,0
24-0000124,24,SPIM,EDDI,"EHAM-SABE@D24 | LKPR-SVMI@D24 | LOWW-EDDI@D24 | SUAA-VIDP@D24 | OOMS-LATI@D24",186,0
24-0000125,24,UBBB,LOWW,"LKPR-SABE@D24 | OOMS-OMDB@D24 | OMDB-SPIM@D24 | SPIM-OPKC@D24 | VIDP-SPIM@D24",186,0
25-0000126,25,UBBB,LKPR,"LKPR-SABE@D25 | SBBR-OSDI@D25 | SLLP-OSDI@D25 | LKPR-SVMI@D25 | OOMS-SPIM@D25",187,0
25-0000127,25,UBBB,LDZA,"OPKC-VIDP@D25 | LDZA-EKCH@D25 | SUAA-OPKC@D25 | LBSF-LATI@D25 | EBCI-SPIM@D25",187,0
25-0000128,25,SPIM,EKCH,"LBSF-VIDP@D25 | OJAI-SUAA@D25 | SCEL-SABE@D25 | OOMS-VIDP@D25 | LKPR-OOMS@D25",139,49
25-0000128,25,SPIM,EKCH,"OYSN-LKPR@D25 | OSDI-SGAS@D25 | OSDI-SPIM@D25 | EHAM-SABE@D25 | OOMS-SCEL@D25",49,0
25-0000129,25,EBCI,EHAM,"OERK-OAKB@D25 | SPIM-OYSN@D25 | UBBB-OJAI@D25 | EHAM-OPKC@D25 | OYSN-SEQM@D25",188,0
25-0000130,25,SPIM,VIDP,"SVMI-EKCH@D25 | LBSF-SUAA@D25 | SKBO-OSDI@D25 | SBBR-LDZA@D25 | SBBR-EHAM@D25",189,0
26-0000131,26,SPIM,OSDI,"SCEL-SVMI@D26 | EHAM-EBCI@D26 | VIDP-UMMS@D26 | EKCH-EBCI@D26 | SUAA-OOMS@D26",132,57
26-0000131,26,SPIM,OSDI,"SUAA-SBBR@D26 | EKCH-UMMS@D26 | SPIM-EHAM@D26 | SBBR-VIDP@D26 | OYSN-UMMS@D26",33,24
26-0000131,26,SPIM,OSDI,"OMDB-OOMS@D26 | SKBO-OAKB@D26 | EHAM-OSDI@D26 | UBBB-OSDI@D26 | SUAA-OERK@D26",24,0
26-0000132,26,EBCI,OERK,"SLLP-EKCH@D26 | LDZA-LOWW@D26 | VIDP-LATI@D26 | EHAM-EDDI@D26 | OPKC-SKBO@D26",190,0
26-0000133,26,EBCI,OOMS,"SCEL-OAKB@D26 | LKPR-SEQM@D26 | OYSN-OERK@D26 | UBBB-OSDI@D26 | SGAS-SPIM@D26",144,46
26-0000133,26,EBCI,OOMS,"OYSN-LKPR@D26 | LDZA-SUAA@D26 | SEQM-OJAI@D26 | EBCI-LKPR@D26 | SABE-UBBB@D26",46,0
26-0000134,26,SPIM,OYSN,"EDDI-UMMS@D26 | SKBO-LATI@D26 | OMDB-OERK@D26 | SPIM-EHAM@D26 | UBBB-SPIM@D26",191,0
26-0000135,26,UBBB,OMDB,"SBBR-VIDP@D26 | SVMI-OSDI@D26 | VIDP-LATI@D26 | EDDI-SKBO@D26 | OOMS-OERK@D26",140,51
26-0000135,26,UBBB,OMDB,"OJAI-SBBR@D26 | OSDI-SLLP@D26 | SABE-LKPR@D26 | LBSF-OOMS@D26 | SBBR-OSDI@D26",51,0
27-0000136,27,EBCI,OJAI,"SLLP-UBBB@D27 | LATI-OOMS@D27 | SGAS-SUAA@D27 | VIDP-LATI@D27 | OAKB-SGAS@D27",133,59
27-0000136,27,EBCI,OJAI,"EDDI-UMMS@D27 | SKBO-UMMS@D27 | VIDP-LATI@D27 | SKBO-EDDI@D27 | OOMS-LOWW@D27",59,0
27-0000137,27,SPIM,UMMS,"SUAA-SBBR@D27 | OSDI-VIDP@D27 | OMDB-SBBR@D27 | OYSN-OERK@D27 | SCEL-LATI@D27",192,0
27-0000138,27,UBBB,SVMI,"SKBO-SBBR@D27 | SVMI-SEQM@D27 | SVMI-OAKB@D27 | EBCI-SEQM@D27 | OPKC-UMMS@D27",193,0
27-0000139,27,SPIM,SKBO,"LOWW-EKCH@D27 | SVMI-OSDI@D27 | VIDP-LOWW@D27 | LATI-SLLP@D27 | OPKC-SEQM@D27",43,150
27-0000139,27,SPIM,SKBO,"SVMI-EHAM@D27 | OERK-SGAS@D27 | SKBO-EDDI@D27 | VIDP-LDZA@D27 | SVMI-SKBO@D27",150,0
27-0000140,27,UBBB,SEQM,"OYSN-OMDB@D27 | LOWW-SUAA@D27 | OJAI-SGAS@D27 | OSDI-SCEL@D27 | SGAS-OERK@D27",194,0
28-0000141,28,UBBB,SBBR,"OJAI-OPKC@D28 | OERK-LDZA@D28 | SGAS-EHAM@D28 | OYSN-OPKC@D28 | UMMS-EHAM@D28",194,0
28-0000142,28,SPIM,SLLP,"EHAM-SLLP@D28 | SKBO-SCEL@D28 | OAKB-SLLP@D28 | LATI-OOMS@D28 | OAKB-VIDP@D28",133,62
28-0000142,28,SPIM,SLLP,"OMDB-SLLP@D28 | SLLP-OYSN@D28 | SBBR-OJAI@D28 | LKPR-OOMS@D28 | UMMS-SVMI@D28",62,0
28-0000143,28,SPIM,SCEL,"OYSN-SUAA@D28 | OOMS-EHAM@D28 | UBBB-EHAM@D28 | SKBO-EDDI@D28 | UMMS-EBCI@D28",195,0
28-0000144,28,UBBB,SABE,"SLLP-LATI@D28 | SEQM-OYSN@D28 | EBCI-OYSN@D28 | EKCH-SCEL@D28 | OSDI-SVMI@D28",196,0
28-0000145,28,EBCI,SGAS,"OPKC-VIDP@D28 | SPIM-LKPR@D28 | OERK-LATI@D28 | SCEL-SGAS@D28 | UMMS-SGAS@D28",196,0
29-0000146,29,EBCI,SUAA,"LKPR-EHAM@D29 | SKBO-LATI@D29 | UMMS-LKPR@D29 | SUAA-SGAS@D29 | UBBB-LATI@D29",197,0
29-0000147,29,UBBB,LATI,"SCEL-LATI@D29 | EDDI-OOMS@D29 | EKCH-LBSF@D29 | OOMS-VIDP@D29 | OAKB-VIDP@D29",139,58
29-0000147,29,UBBB,LATI,"OSDI-UBBB@D29 | OAKB-LKPR@D29 | OOMS-OJAI@D29 | UMMS-SUAA@D29 | SEQM-LKPR@D29",58,0
29-0000148,29,EBCI,EDDI,"UMMS-LBSF@D29 | SVMI-LOWW@D29 | OPKC-SPIM@D29 | OYSN-EHAM@D29 | SEQM-UMMS@D29",198,0
29-0000149,29,UBBB,LOWW,"VIDP-SBBR@D29 | OSDI-OYSN@D29 | OJAI-SUAA@D29 | SEQM-OSDI@D29 | SUAA-UBBB@D29",198,0
29-0000150,29,UBBB,LKPR,"SUAA-SBBR@D29 | SLLP-SEQM@D29 | SEQM-OYSN@D29 | UMMS-LOWW@D29 | EHAM-SCEL@D29",199,0
30-0000151,30,SPIM,LDZA,"EDDI-SUAA@D30 | LKPR-SBBR@D30 | SPIM-OAKB@D30 | SEQM-EBCI@D30 | OMDB-EHAM@D30",199,0
30-0000152,30,EBCI,EKCH,"LKPR-LATI@D30 | UBBB-SVMI@D30 | SGAS-LKPR@D30 | UMMS-LBSF@D30 | EDDI-SKBO@D30",140,60
30-0000152,30,EBCI,EKCH,"EKCH-LOWW@D30 | OJAI-SUAA@D30 | SVMI-OAKB@D30 | SGAS-SBBR@D30 | VIDP-SCEL@D30",60,0
30-0000153,30,EBCI,EHAM,"LBSF-OAKB@D30 | LATI-LOWW@D30 | EBCI-LKPR@D30 | SCEL-LATI@D30 | SLLP-OMDB@D30",159,41
30-0000153,30,EBCI,EHAM,"SABE-LOWW@D30 | LOWW-SGAS@D30 | EBCI-SKBO@D30 | SLLP-OYSN@D30 | SBBR-LATI@D30",41,0
30-0000154,30,UBBB,VIDP,"EKCH-LOWW@D30 | SLLP-OJAI@D30 | EHAM-LBSF@D30 | EBCI-LATI@D30 | LOWW-SBBR@D30",201,0
30-0000155,30,EBCI,OSDI,"LBSF-EDDI@D30 | SGAS-EDDI@D30 | LDZA-OSDI@D30 | SVMI-SGAS@D30 | OPKC-SPIM@D30",128,73
30-0000155,30,EBCI,OSDI,"UBBB-LDZA@D30 | OYSN-UMMS@D30 | SGAS-LOWW@D30 | OJAI-OOMS@D30 | SCEL-UMMS@D30",73,0
